1018;Rasasdsadmu;sRamus;11/11/1111;ramus;ramus;1231249;true
1019;asdsRasmu;sRamus;11/11/1111;ramus;ramus;1231249;true
1020;dfgfgRasmu;sRamus;11/11/1111;ramus;ramus;1231249;true
1021;qweqwRasmu;sRamus;11/11/1111;ramus;ramus;1231249;true
1022;gfgfRasmu;sRamus;11/11/1111;ramus;ramus;1231249;true
1023;cvxcsdfRasmu;sRamus;11/11/1111;ramus;ramus;1231249;true
1024;sdfsdvcRasmu;sRamus;11/11/1111;ramus;ramus;1231249;true
1025;Rasmu;sRamus;11/11/1111;ramus;ramus;1231249;true
1026;Radfsdfsmu;sRamus;11/11/1111;ramus;ramus;1231249;true
1027;Rasmu;sRamus;11/11/1111;ramus;ramus;1231249;true
1028;Rasf21mu;sRamus;11/11/1111;ramus;ramus;1231249;true
1029;Rasmu;sRamus;11/11/1111;ramus;ramus;1231249;true
1030;Rewefsdasmu;sRamus;11/11/1111;ramus;ramus;1231249;true
1031;Ra3312smu;sRamus;11/11/1111;ramus;ramus;1231249;true
1032;R12sdafasmu;sRamus;11/11/1111;ramus;ramus;1231249;true
1033;Rfgdfagasmu;sRamus;11/11/1111;ramus;ramus;1231249;true
1034;dfsdfaasdRasmu;sRamus;11/11/1111;ramus;ramus;1231249;true
